epoch,train_loss,val_loss,val_acc_top1,val_acc_top3
1,3818.976597547531,1.9172110557556152,0.40042001008987427,0.7003300189971924
2,3147.979058742523,1.7210620641708374,0.4451099932193756,0.7456099987030029
3,2935.362731695175,1.604443907737732,0.47293001413345337,0.7731999754905701
4,2787.7156200408936,1.5217382907867432,0.49542000889778137,0.789870023727417
5,2680.185167193413,1.4566866159439087,0.5123199820518494,0.8052700161933899
6,2594.175832629204,1.409747838973999,0.5256999731063843,0.818340003490448
7,2523.446043610573,1.3702377080917358,0.5365599989891052,0.8295300006866455
8,2464.9793568849564,1.3342698812484741,0.5464900135993958,0.8380100131034851
